cve_id,base_severity,base_score,exploitability_score,impact_score,epss_score,epss_perc,cisa_kev,attack_vector,attack_complexity,privileges_required,user_interaction,scope,confidentiality_impact,integrity_impact,availability_impact,published_date
CVE-1999-0199,CRITICAL,9.8,3.9,5.9,0.00677,0.70539,FALSE,NETWORK,LOW,NONE,NONE,UNCHANGED,HIGH,HIGH,HIGH,2020-10-06T13:15Z
CVE-2002-20001,HIGH,7.5,3.9,3.6,0.11632,0.93382,FALSE,NETWORK,LOW,NONE,NONE,UNCHANGED,NONE,NONE,HIGH,2021-11-11T19:15Z
CVE-2002-2438,HIGH,7.5,3.9,3.6,0.04663,0.8888,FALSE,NETWORK,LOW,NONE,NONE,UNCHANGED,NONE,NONE,HIGH,2021-05-18T12:15Z
CVE-2002-2439,HIGH,7.8,1.8,5.9,0.00137,0.34244,FALSE,LOCAL,LOW,LOW,NONE,UNCHANGED,HIGH,HIGH,HIGH,2019-10-23T18:15Z
CVE-2002-2444,CRITICAL,9.8,3.9,5.9,0.00476,0.63885,FALSE,NETWORK,LOW,NONE,NONE,UNCHANGED,HIGH,HIGH,HIGH,2019-10-28T14:15Z
CVE-2003-1605,HIGH,7.5,3.9,3.6,0.00399,0.59825,FALSE,NETWORK,LOW,NONE,NONE,UNCHANGED,HIGH,NONE,NONE,2018-08-23T19:29Z
CVE-2003-5001,CRITICAL,9.8,3.9,5.9,0.00316,0.54089,FALSE,NETWORK,LOW,NONE,NONE,UNCHANGED,HIGH,HIGH,HIGH,2022-03-28T21:15Z
CVE-2003-5002,MEDIUM,5.3,3.9,1.4,0.00142,0.34935,FALSE,NETWORK,LOW,NONE,NONE,UNCHANGED,LOW,NONE,NONE,2022-03-28T21:15Z
CVE-2003-5003,MEDIUM,6.1,2.8,2.7,0.00279,0.50916,FALSE,NETWORK,LOW,NONE,REQUIRED,CHANGED,LOW,LOW,NONE,2022-03-28T21:15Z
CVE-2004-2776,CRITICAL,9.8,3.9,5.9,0.02219,0.83799,FALSE,NETWORK,LOW,NONE,NONE,UNCHANGED,HIGH,HIGH,HIGH,2019-12-31T20:15Z
CVE-2004-2779,HIGH,7.5,3.9,3.6,0.00436,0.62051,FALSE,NETWORK,LOW,NONE,NONE,UNCHANGED,NONE,NONE,HIGH,2018-02-20T21:29Z
CVE-2005-10001,MEDIUM,6.1,2.8,2.7,0.002,0.42314,FALSE,NETWORK,LOW,NONE,REQUIRED,CHANGED,LOW,LOW,NONE,2022-03-28T21:15Z
CVE-2005-10002,CRITICAL,9.8,3.9,5.9,0.00202,0.42551,FALSE,NETWORK,LOW,NONE,NONE,UNCHANGED,HIGH,HIGH,HIGH,2023-10-29T15:15Z
CVE-2005-10003,CRITICAL,9.8,3.9,5.9,0.01387,0.79528,FALSE,NETWORK,LOW,NONE,NONE,UNCHANGED,HIGH,HIGH,HIGH,2024-10-17T14:15Z
CVE-2005-2349,HIGH,7.5,3.9,3.6,0.00355,0.57004,FALSE,NETWORK,LOW,NONE,NONE,UNCHANGED,HIGH,NONE,NONE,2019-10-28T14:15Z
CVE-2005-2350,MEDIUM,6.1,2.8,2.7,0.00429,0.61621,FALSE,NETWORK,LOW,NONE,REQUIRED,CHANGED,LOW,LOW,NONE,2019-11-01T18:15Z
CVE-2005-2351,MEDIUM,5.5,1.8,3.6,0.00132,0.33552,FALSE,LOCAL,LOW,LOW,NONE,UNCHANGED,NONE,NONE,HIGH,2019-11-01T19:15Z
CVE-2005-2352,HIGH,8.1,2.2,5.9,0.00324,0.54754,FALSE,NETWORK,HIGH,NONE,NONE,UNCHANGED,HIGH,HIGH,HIGH,2019-11-01T21:15Z
CVE-2005-2354,CRITICAL,9.8,3.9,5.9,0.0051,0.65331,FALSE,NETWORK,LOW,NONE,NONE,UNCHANGED,HIGH,HIGH,HIGH,2019-11-05T20:15Z
CVE-2005-3056,CRITICAL,9.8,3.9,5.9,0.01901,0.82466,FALSE,NETWORK,LOW,NONE,NONE,UNCHANGED,HIGH,HIGH,HIGH,2019-11-01T13:15Z
CVE-2005-3590,CRITICAL,9.8,3.9,5.9,0.00492,0.64593,FALSE,NETWORK,LOW,NONE,NONE,UNCHANGED,HIGH,HIGH,HIGH,2019-04-10T20:29Z
CVE-2005-4890,HIGH,7.8,1.8,5.9,0.00163,0.37705,FALSE,LOCAL,LOW,LOW,NONE,UNCHANGED,HIGH,HIGH,HIGH,2019-11-04T19:15Z
CVE-2005-4891,CRITICAL,9.8,3.9,5.9,0.00271,0.50266,FALSE,NETWORK,LOW,NONE,NONE,UNCHANGED,HIGH,HIGH,HIGH,2020-01-15T17:15Z
CVE-2006-0061,CRITICAL,9.8,3.9,5.9,0.00444,0.62408,FALSE,NETWORK,LOW,NONE,NONE,UNCHANGED,HIGH,HIGH,HIGH,2019-11-06T02:15Z
CVE-2006-0062,CRITICAL,9.8,3.9,5.9,0.0013,0.33246,FALSE,NETWORK,LOW,NONE,NONE,UNCHANGED,HIGH,HIGH,HIGH,2019-11-06T03:15Z
CVE-2006-10001,MEDIUM,5.4,2.3,2.7,0.0011,0.30043,FALSE,NETWORK,LOW,LOW,REQUIRED,CHANGED,LOW,LOW,NONE,2023-03-05T21:15Z
CVE-2006-20001,HIGH,7.5,3.9,3.6,0.00696,0.70962,FALSE,NETWORK,LOW,NONE,NONE,UNCHANGED,NONE,NONE,HIGH,2023-01-17T20:15Z
CVE-2006-3100,CRITICAL,9.8,3.9,5.9,0.00512,0.65424,FALSE,NETWORK,LOW,NONE,NONE,UNCHANGED,HIGH,HIGH,HIGH,2019-11-06T03:15Z
CVE-2006-4243,CRITICAL,9.8,3.9,5.9,0.00372,0.58099,FALSE,NETWORK,LOW,NONE,NONE,UNCHANGED,HIGH,HIGH,HIGH,2019-11-06T03:15Z
CVE-2006-4245,HIGH,8.1,2.2,5.9,0.00335,0.55609,FALSE,NETWORK,HIGH,NONE,NONE,UNCHANGED,HIGH,HIGH,HIGH,2019-11-06T03:15Z
CVE-2006-7246,MEDIUM,6.8,1.6,5.2,0.00065,0.20389,FALSE,ADJACENT_NETWORK,HIGH,NONE,NONE,UNCHANGED,HIGH,HIGH,NONE,2020-01-27T15:15Z
CVE-2006-7254,MEDIUM,5.5,1.8,3.6,0.00042,0.11598,FALSE,LOCAL,LOW,LOW,NONE,UNCHANGED,NONE,NONE,HIGH,2019-04-10T20:29Z
CVE-2007-0158,CRITICAL,9.8,3.9,5.9,0.00418,0.60969,FALSE,NETWORK,LOW,NONE,NONE,UNCHANGED,HIGH,HIGH,HIGH,2019-12-27T18:15Z
CVE-2007-0899,CRITICAL,9.8,3.9,5.9,0.00451,0.6273,FALSE,NETWORK,LOW,NONE,NONE,UNCHANGED,HIGH,HIGH,HIGH,2019-11-06T04:15Z
CVE-2007-10001,HIGH,7.5,3.9,3.6,0.00065,0.20387,FALSE,NETWORK,LOW,NONE,NONE,UNCHANGED,HIGH,NONE,NONE,2023-01-05T12:15Z
CVE-2007-10002,CRITICAL,9.8,3.9,5.9,0.00056,0.17121,FALSE,NETWORK,LOW,NONE,NONE,UNCHANGED,HIGH,HIGH,HIGH,2023-01-08T10:15Z
CVE-2007-10003,HIGH,8.8,2.8,5.9,0.00129,0.33155,FALSE,NETWORK,LOW,LOW,NONE,UNCHANGED,HIGH,HIGH,HIGH,2023-10-29T18:15Z
CVE-2007-20001,HIGH,7.5,3.9,3.6,0.00389,0.59149,FALSE,NETWORK,LOW,NONE,NONE,UNCHANGED,NONE,NONE,HIGH,2022-02-06T21:15Z
CVE-2007-3732,MEDIUM,5.5,1.8,3.6,0.00164,0.37894,FALSE,LOCAL,LOW,LOW,NONE,UNCHANGED,NONE,NONE,HIGH,2019-11-07T22:15Z
CVE-2007-3915,CRITICAL,9.1,3.9,5.2,0.00361,0.57433,FALSE,NETWORK,LOW,NONE,NONE,UNCHANGED,HIGH,HIGH,NONE,2019-11-07T22:15Z
CVE-2007-4773,CRITICAL,9.8,3.9,5.9,0.00633,0.69397,FALSE,NETWORK,LOW,NONE,NONE,UNCHANGED,HIGH,HIGH,HIGH,2020-01-15T17:15Z
CVE-2007-4774,MEDIUM,5.9,2.2,3.6,0.00177,0.39577,FALSE,NETWORK,HIGH,NONE,NONE,UNCHANGED,NONE,HIGH,NONE,2020-01-15T17:15Z
CVE-2007-5743,HIGH,7.5,3.9,3.6,0.00346,0.56402,FALSE,NETWORK,LOW,NONE,NONE,UNCHANGED,HIGH,NONE,NONE,2019-11-07T22:15Z
CVE-2007-5967,MEDIUM,6.5,2.8,3.6,0.00108,0.29673,FALSE,NETWORK,LOW,NONE,REQUIRED,UNCHANGED,NONE,HIGH,NONE,2021-05-17T12:15Z
CVE-2007-6745,CRITICAL,9.8,3.9,5.9,0.00651,0.69878,FALSE,NETWORK,LOW,NONE,NONE,UNCHANGED,HIGH,HIGH,HIGH,2019-11-07T23:15Z
CVE-2007-6758,HIGH,7.5,3.9,3.6,0.0029,0.51997,FALSE,NETWORK,LOW,NONE,NONE,UNCHANGED,HIGH,NONE,NONE,2020-01-23T16:15Z
CVE-2007-6762,CRITICAL,9.8,3.9,5.9,0.008,0.73052,FALSE,NETWORK,LOW,NONE,NONE,UNCHANGED,HIGH,HIGH,HIGH,2019-07-27T22:15Z
CVE-2007-6763,HIGH,8.8,2.8,5.9,0.00511,0.65368,FALSE,NETWORK,LOW,LOW,NONE,UNCHANGED,HIGH,HIGH,HIGH,2019-07-31T18:15Z
CVE-2008-10001,MEDIUM,6.1,2.8,2.7,0.00207,0.43103,FALSE,NETWORK,LOW,NONE,REQUIRED,CHANGED,LOW,LOW,NONE,2022-03-28T21:15Z
CVE-2008-10002,MEDIUM,6.1,2.8,2.7,0.00058,0.17989,FALSE,NETWORK,LOW,NONE,REQUIRED,CHANGED,LOW,LOW,NONE,2023-03-05T02:15Z
CVE-2008-10003,CRITICAL,9.8,3.9,5.9,0.00045,0.12669,FALSE,NETWORK,LOW,NONE,NONE,UNCHANGED,HIGH,HIGH,HIGH,2023-03-05T02:15Z
CVE-2008-10004,CRITICAL,9.8,3.9,5.9,0.00044,0.12284,FALSE,NETWORK,LOW,NONE,NONE,UNCHANGED,HIGH,HIGH,HIGH,2023-03-06T23:15Z
CVE-2008-2544,MEDIUM,5.5,1.8,3.6,0.00041,0.11301,FALSE,LOCAL,LOW,LOW,NONE,UNCHANGED,NONE,HIGH,NONE,2021-05-27T13:15Z
CVE-2008-3278,HIGH,7.8,1.8,5.9,0.00049,0.14572,FALSE,LOCAL,LOW,LOW,NONE,UNCHANGED,HIGH,HIGH,HIGH,2019-11-07T23:15Z
CVE-2008-3280,MEDIUM,5.9,2.2,3.6,0.05925,0.90256,FALSE,NETWORK,HIGH,NONE,NONE,UNCHANGED,HIGH,NONE,NONE,2021-05-21T20:15Z
CVE-2008-5083,MEDIUM,6.5,2.8,3.6,0.00328,0.55068,FALSE,NETWORK,LOW,LOW,NONE,UNCHANGED,HIGH,NONE,NONE,2019-11-08T00:15Z
CVE-2008-7272,HIGH,7.5,3.9,3.6,0.00218,0.44346,FALSE,NETWORK,LOW,NONE,NONE,UNCHANGED,HIGH,NONE,NONE,2019-11-08T00:15Z
CVE-2008-7273,HIGH,7.8,1.8,5.9,0.00201,0.42418,FALSE,LOCAL,LOW,LOW,NONE,UNCHANGED,HIGH,HIGH,HIGH,2019-11-18T22:15Z
CVE-2008-7291,CRITICAL,9.8,3.9,5.9,0.00432,0.61771,FALSE,NETWORK,LOW,NONE,NONE,UNCHANGED,HIGH,HIGH,HIGH,2019-11-08T00:15Z
CVE-2008-7314,HIGH,7.5,3.9,3.6,0.00408,0.60313,FALSE,NETWORK,LOW,NONE,NONE,UNCHANGED,NONE,NONE,HIGH,2020-01-23T15:15Z
CVE-2008-7320,MEDIUM,6.8,0.9,5.9,0.00076,0.23371,FALSE,PHYSICAL,LOW,NONE,NONE,UNCHANGED,HIGH,HIGH,HIGH,2018-11-18T19:29Z
CVE-2008-7321,MEDIUM,6.1,2.8,2.7,0.0019,0.41066,FALSE,NETWORK,LOW,NONE,REQUIRED,CHANGED,LOW,LOW,NONE,2019-08-22T14:15Z
CVE-2009-0035,MEDIUM,5.5,1.8,3.6,0.00181,0.40063,FALSE,LOCAL,LOW,LOW,NONE,UNCHANGED,NONE,HIGH,NONE,2019-11-09T03:15Z
CVE-2009-0947,CRITICAL,9.8,3.9,5.9,0.00392,0.59399,FALSE,NETWORK,LOW,NONE,NONE,UNCHANGED,HIGH,HIGH,HIGH,2021-06-02T16:15Z
CVE-2009-0948,CRITICAL,9.8,3.9,5.9,0.00416,0.60806,FALSE,NETWORK,LOW,NONE,NONE,UNCHANGED,HIGH,HIGH,HIGH,2021-06-02T16:15Z
CVE-2009-10001,MEDIUM,6.1,2.8,2.7,0.00075,0.23073,FALSE,NETWORK,LOW,NONE,REQUIRED,CHANGED,LOW,LOW,NONE,2023-01-13T18:15Z
CVE-2009-10002,MEDIUM,6.1,2.8,2.7,0.00059,0.18395,FALSE,NETWORK,LOW,NONE,REQUIRED,CHANGED,LOW,LOW,NONE,2023-01-13T18:15Z
CVE-2009-10003,MEDIUM,6.1,2.8,2.7,0.00059,0.18395,FALSE,NETWORK,LOW,NONE,REQUIRED,CHANGED,LOW,LOW,NONE,2023-01-29T19:15Z
CVE-2009-10004,MEDIUM,6.1,2.8,2.7,0.00063,0.19668,FALSE,NETWORK,LOW,NONE,REQUIRED,CHANGED,LOW,LOW,NONE,2023-04-10T00:15Z
CVE-2009-1120,CRITICAL,9.8,3.9,5.9,0.06097,0.90397,FALSE,NETWORK,LOW,NONE,NONE,UNCHANGED,HIGH,HIGH,HIGH,2020-01-15T18:15Z
CVE-2009-1142,MEDIUM,6.7,0.8,5.9,0.00028,0.05936,FALSE,LOCAL,LOW,HIGH,NONE,UNCHANGED,HIGH,HIGH,HIGH,2022-11-23T18:15Z
CVE-2009-1143,HIGH,7,1,5.9,0.00016,0.02255,FALSE,LOCAL,HIGH,LOW,NONE,UNCHANGED,HIGH,HIGH,HIGH,2022-11-23T18:15Z
CVE-2009-20001,HIGH,8.1,2.8,5.2,0.00142,0.34977,FALSE,NETWORK,LOW,LOW,NONE,UNCHANGED,HIGH,HIGH,NONE,2021-03-07T20:15Z
CVE-2009-2802,MEDIUM,6.1,2.8,2.7,0.0045,0.62686,FALSE,NETWORK,LOW,NONE,REQUIRED,CHANGED,LOW,LOW,NONE,2019-11-09T03:15Z
CVE-2009-3552,LOW,3.1,1.6,1.4,0.00187,0.40797,FALSE,ADJACENT_NETWORK,HIGH,NONE,NONE,UNCHANGED,NONE,LOW,NONE,2019-11-09T03:15Z
CVE-2009-3614,LOW,3.3,1.8,1.4,0.00115,0.30918,FALSE,LOCAL,LOW,LOW,NONE,UNCHANGED,LOW,NONE,NONE,2019-11-09T03:15Z
CVE-2009-3721,HIGH,7.8,1.8,5.9,0.00781,0.72709,FALSE,LOCAL,LOW,NONE,REQUIRED,UNCHANGED,HIGH,HIGH,HIGH,2021-05-26T22:15Z
CVE-2009-3723,HIGH,7.5,3.9,3.6,0.00653,0.69931,FALSE,NETWORK,LOW,NONE,NONE,UNCHANGED,NONE,HIGH,NONE,2019-10-29T19:15Z
CVE-2009-3724,MEDIUM,6.1,2.8,2.7,0.0024,0.47151,FALSE,NETWORK,LOW,NONE,REQUIRED,CHANGED,LOW,LOW,NONE,2020-01-15T21:15Z
CVE-2009-3887,CRITICAL,9.8,3.9,5.9,0.00335,0.55614,FALSE,NETWORK,LOW,NONE,NONE,UNCHANGED,HIGH,HIGH,HIGH,2019-10-29T19:15Z
CVE-2009-4011,HIGH,8.1,2.2,5.9,0.00388,0.59052,FALSE,NETWORK,HIGH,NONE,NONE,UNCHANGED,HIGH,HIGH,HIGH,2019-11-09T03:15Z
CVE-2009-4067,MEDIUM,6.8,0.9,5.9,0.00609,0.68721,FALSE,PHYSICAL,LOW,NONE,NONE,UNCHANGED,HIGH,HIGH,HIGH,2020-02-11T19:15Z
CVE-2009-4123,HIGH,7.5,3.9,3.6,0.00202,0.42548,FALSE,NETWORK,LOW,NONE,NONE,UNCHANGED,HIGH,NONE,NONE,2023-12-12T16:15Z
CVE-2009-4267,MEDIUM,6.5,2.8,3.6,0.00206,0.43016,FALSE,NETWORK,LOW,LOW,NONE,UNCHANGED,NONE,HIGH,NONE,2018-02-19T16:29Z
CVE-2009-4899,CRITICAL,9.8,3.9,5.9,0.00294,0.5225,FALSE,NETWORK,LOW,NONE,NONE,UNCHANGED,HIGH,HIGH,HIGH,2019-10-28T15:15Z
CVE-2009-4900,MEDIUM,6.1,2.8,2.7,0.00307,0.53358,FALSE,NETWORK,LOW,NONE,REQUIRED,CHANGED,LOW,LOW,NONE,2019-10-28T15:15Z
CVE-2009-5004,MEDIUM,6.5,2.8,3.6,0.0185,0.82235,FALSE,NETWORK,LOW,LOW,NONE,UNCHANGED,NONE,NONE,HIGH,2019-11-09T04:15Z
CVE-2009-5025,HIGH,7.5,3.9,3.6,0.0085,0.73931,FALSE,NETWORK,LOW,NONE,NONE,UNCHANGED,NONE,HIGH,NONE,2020-01-15T21:15Z
CVE-2009-5041,CRITICAL,9.8,3.9,5.9,0.00704,0.71124,FALSE,NETWORK,LOW,NONE,NONE,UNCHANGED,HIGH,HIGH,HIGH,2019-10-31T16:15Z
CVE-2009-5042,CRITICAL,9.1,3.9,5.2,0.00372,0.58141,FALSE,NETWORK,LOW,NONE,NONE,UNCHANGED,HIGH,HIGH,NONE,2019-10-31T16:15Z
CVE-2009-5043,CRITICAL,9.8,3.9,5.9,0.00432,0.61771,FALSE,NETWORK,LOW,NONE,NONE,UNCHANGED,HIGH,HIGH,HIGH,2019-10-31T16:15Z
CVE-2009-5045,HIGH,7.5,3.9,3.6,0.01873,0.82337,FALSE,NETWORK,LOW,NONE,NONE,UNCHANGED,HIGH,NONE,NONE,2019-11-06T20:15Z
CVE-2009-5046,MEDIUM,6.1,2.8,2.7,0.00947,0.75349,FALSE,NETWORK,LOW,NONE,REQUIRED,CHANGED,LOW,LOW,NONE,2019-11-06T20:15Z
CVE-2009-5048,MEDIUM,6.1,2.8,2.7,0.01086,0.76937,FALSE,NETWORK,LOW,NONE,REQUIRED,CHANGED,LOW,LOW,NONE,2019-11-06T19:15Z
CVE-2009-5049,MEDIUM,6.1,2.8,2.7,0.01111,0.7722,FALSE,NETWORK,LOW,NONE,REQUIRED,CHANGED,LOW,LOW,NONE,2019-11-06T19:15Z
CVE-2009-5050,HIGH,7.5,3.9,3.6,0.00367,0.57844,FALSE,NETWORK,LOW,NONE,NONE,UNCHANGED,NONE,NONE,HIGH,2019-11-06T19:15Z
CVE-2009-5068,HIGH,7.2,1.2,5.9,0.03271,0.86646,FALSE,NETWORK,LOW,HIGH,NONE,UNCHANGED,HIGH,HIGH,HIGH,2020-01-15T21:15Z
CVE-2009-5139,HIGH,7.5,1.6,5.9,0.00196,0.41854,FALSE,NETWORK,HIGH,NONE,REQUIRED,UNCHANGED,HIGH,HIGH,HIGH,2020-02-12T14:15Z
CVE-2009-5140,HIGH,8.8,2.8,5.9,0.00481,0.64124,FALSE,NETWORK,LOW,NONE,REQUIRED,UNCHANGED,HIGH,HIGH,HIGH,2020-02-12T14:15Z